id,title,score,num_comments,author,created_utc,url,over_18,edited,spoiler,stickied
1fxwp9z,Teeny tiny update only,326,12,ephemeral404,2024-10-07 01:52:13,https://i.redd.it/rib1kgmxp8td1.jpeg,False,False,False,False
1fxugvq,Reassessing my [25M] Data Engineer career after 3 years,113,30,ThrowRAMeanMrMustard,2024-10-06 23:55:07,https://www.reddit.com/r/dataengineering/comments/1fxugvq/reassessing_my_25m_data_engineer_career_after_3/,False,False,False,False
1fxpd71,What do most large-scale organisations get wrong about data engineering?,47,49,RingaDingDingggg,2024-10-06 19:59:56,https://www.reddit.com/r/dataengineering/comments/1fxpd71/what_do_most_largescale_organisations_get_wrong/,False,False,False,False
1fxpx2d,Python questions for data engineer,30,12,NarrowRoyal5160,2024-10-06 20:23:07,https://www.reddit.com/r/dataengineering/comments/1fxpx2d/python_questions_for_data_engineer/,False,False,False,False
1fxhlx2,Are there trade publications we should be reading?,9,3,kaumaron,2024-10-06 14:23:08,https://www.reddit.com/r/dataengineering/comments/1fxhlx2/are_there_trade_publications_we_should_be_reading/,False,False,False,False
1fxsdmf,How to be proactive but not annoying?,6,7,Longjumping_Lab4627,2024-10-06 22:12:32,https://www.reddit.com/r/dataengineering/comments/1fxsdmf/how_to_be_proactive_but_not_annoying/,False,False,False,False
1fxmbun,Sketch and Visualize Airflow DAGs with YAML,5,2,F-Snedecor,2024-10-06 17:49:40,https://www.reddit.com/r/dataengineering/comments/1fxmbun/sketch_and_visualize_airflow_dags_with_yaml/,False,False,False,False
1fxe37t,Career Advice (BI in Germany),6,3,El-Sota,2024-10-06 11:09:32,https://www.reddit.com/r/dataengineering/comments/1fxe37t/career_advice_bi_in_germany/,False,False,False,False
1fxyhm5,Is this an ok activity diagram?,5,1,Rob0t_Wizard,2024-10-07 03:28:19,https://www.reddit.com/r/dataengineering/comments/1fxyhm5/is_this_an_ok_activity_diagram/,False,False,False,False
1fxx9ap,"Hi there, wanna to learn about DE, need some advice regarding my project",5,0,zhivix,2024-10-07 02:21:26,https://www.reddit.com/r/dataengineering/comments/1fxx9ap/hi_there_wanna_to_learn_about_de_need_some_advice/,False,False,False,False
1fxip7z,Skill Progression - Paralysis by Analysis,5,3,IceStallion,2024-10-06 15:12:12,https://www.reddit.com/r/dataengineering/comments/1fxip7z/skill_progression_paralysis_by_analysis/,False,False,False,False
1fy2f7q,Is there a trend to skip the warehouse and build on lakehouse/data lake instead?,4,13,loudandclear11,2024-10-07 07:58:57,https://www.reddit.com/r/dataengineering/comments/1fy2f7q/is_there_a_trend_to_skip_the_warehouse_and_build/,False,False,False,False
1fy0y3t,Are you archiving your data or don't care ?,3,3,RazCoDev,2024-10-07 06:07:34,https://www.reddit.com/r/dataengineering/comments/1fy0y3t/are_you_archiving_your_data_or_dont_care/,False,False,False,False
1fxomvr,Whatâ€™s wrong with the Server Side Public License?,2,0,DuckDatum,2024-10-06 19:28:03,https://www.reddit.com/r/dataengineering/comments/1fxomvr/whats_wrong_with_the_server_side_public_license/,False,False,False,False
1fxgmr4,Need Help: Building Star Schema for Customer Retention & Lifetime Value Analytics,3,6,Alert_Structure5264,2024-10-06 13:35:19,https://www.reddit.com/r/dataengineering/comments/1fxgmr4/need_help_building_star_schema_for_customer/,False,False,False,False
1fxfa9l,Advice needed - How do I centralise and automate CSV/Excel data in different folders for analysis and visualisation?,3,0,thehotdawning,2024-10-06 12:24:06,https://www.reddit.com/r/dataengineering/comments/1fxfa9l/advice_needed_how_do_i_centralise_and_automate/,False,False,False,False
1fy1aum,Easiest way to Process millions of excel files and dump them into snowflake table ,2,2,boss-mannn,2024-10-07 06:33:24,https://www.reddit.com/r/dataengineering/comments/1fy1aum/easiest_way_to_process_millions_of_excel_files/,False,False,False,False
1fy19nb,New grad looking for opportunities to in data engineering ,2,1,Remarkable-Corner-22,2024-10-07 06:30:57,https://www.reddit.com/r/dataengineering/comments/1fy19nb/new_grad_looking_for_opportunities_to_in_data/,False,False,False,False
1fxo94j,"How do I thoroughly document, design, and prepare an *idea* for the community? When do I make it public?",2,1,DuckDatum,2024-10-06 19:11:53,https://www.reddit.com/r/dataengineering/comments/1fxo94j/how_do_i_thoroughly_document_design_and_prepare/,False,False,False,False
1fxlyy4,"Need Advice on Career Switch: Stuck in Current Role, Looking for Guidance",2,1,Impossible_Classic21,2024-10-06 17:34:07,https://www.reddit.com/r/dataengineering/comments/1fxlyy4/need_advice_on_career_switch_stuck_in_current/,False,False,False,False
1fy4izy,data engineering intern,1,0,chaoui09,2024-10-07 10:37:29,https://www.reddit.com/r/dataengineering/comments/1fy4izy/data_engineering_intern/,False,False,False,False
1fy42hv,Conformed datamodel dependencies,1,0,Superb-Occasion2501,2024-10-07 10:04:48,https://www.reddit.com/r/dataengineering/comments/1fy42hv/conformed_datamodel_dependencies/,False,False,False,False
1fy22wa,Which MacBook Should I Choose for Data Engineering: MacBook Air vs MacBook Pro?,1,4,youn-gmoney,2024-10-07 07:32:02,https://www.reddit.com/r/dataengineering/comments/1fy22wa/which_macbook_should_i_choose_for_data/,False,False,False,False
1fxkhwb,Which data lakehouse / lake format does your company currently use? Do you expect this will change in 2025?,1,8,brrdprrsn,2024-10-06 16:30:33,https://www.reddit.com/r/dataengineering/comments/1fxkhwb/which_data_lakehouse_lake_format_does_your/,False,False,False,False
1fy3loh,"Data Visualisation Tools: Superset, Metabase, Redash, Evidence, Blazer",0,0,Pitah7,2024-10-07 09:30:11,https://www.reddit.com/r/dataengineering/comments/1fy3loh/data_visualisation_tools_superset_metabase_redash/,False,False,False,False
1fxwveh,Feedback Request on My Dimensional Model for E-commerce Analytics (Order-Customer Lifetime Value Use Case),0,1,Alert_Structure5264,2024-10-07 02:01:09,https://www.reddit.com/r/dataengineering/comments/1fxwveh/feedback_request_on_my_dimensional_model_for/,False,False,False,False
